<?xml version="1.0" encoding="UTF-8"?>
<project-private xmlns="http://www.netbeans.org/ns/project-private/1">
    <editor-bookmarks xmlns="http://www.netbeans.org/ns/editor-bookmarks/2" lastBookmarkId="0"/>
    <open-files xmlns="http://www.netbeans.org/ns/projectui-open-files/2">
        <group>
            <file>file:/C:/Users/Aviroez/Google%20Drive/Skripsi/Data%20Imam/codeigniter/application/models/perusahaan_model.php</file>
            <file>file:/C:/Users/Aviroez/Google%20Drive/Skripsi/Data%20Imam/codeigniter/application/models/pengguna_model.php</file>
            <file>file:/C:/Users/Aviroez/Google%20Drive/Skripsi/Data%20Imam/codeigniter/application/models/lowongan_model.php</file>
            <file>file:/C:/Users/Aviroez/Google%20Drive/Skripsi/Data%20Imam/codeigniter/application/models/posisi_model.php</file>
            <file>file:/C:/Users/Aviroez/Google%20Drive/Skripsi/Data%20Imam/codeigniter/application/controllers/Home.php</file>
            <file>file:/C:/Users/Aviroez/Google%20Drive/Skripsi/Data%20Imam/codeigniter/application/views/home/pengguna/tampil.php</file>
        </group>
    </open-files>
</project-private>
